Host,IP,IPv4,TLS,HTTP/2,Messages Send,1xx,2xx,3xx,4xx,5xx,9xx,Avg Response Time,StdD Response Time,Avg Deviation Count,StdD Deviation Count,Avg Request Length,StdD Request Length,Avg URI Length,StdD URI Length,Avg Response Header Keys,StdD Response Header Keys,Avg Response Body Length,StdD Response Body Length
google.com,142.250.181.206,True,True,False,10,0.0,80.0,0.0,0.0,0.0,20.0,0.11693060398101807,0.061810299504317025,0.0,0.0,314.0,0.0,1.0,0.0,12.8,6.4,0.0,0.0
facebook.com,157.240.210.35,True,True,False,10,0.0,90.0,0.0,0.0,0.0,10.0,0.27323307991027834,0.4582184191771357,0.0,0.0,316.0,0.0,1.0,0.0,16.2,5.4,4.8,1.661324772583615
microsoft.com,20.70.246.20,True,True,False,10,0.0,0.0,0.0,80.0,0.0,20.0,2.735403823852539,5.002036984117636,0.0,0.0,317.0,0.0,1.0,0.0,3.2,1.6,2324.8,1162.3999999999999
googleapis.com,142.250.181.196,True,True,False,10,0.0,0.0,0.0,100.0,0.0,0.0,1.0047321796417237,2.554450044476467,0.0,0.0,318.0,0.0,1.0,0.0,5.0,0.0,1178.0,0.0
youtube.com,142.251.209.142,True,True,False,10,0.0,100.0,0.0,0.0,0.0,0.0,0.08184127807617188,0.020788978061287836,0.0,0.0,315.0,0.0,1.0,0.0,19.1,0.3,0.0,0.0
apple.com,17.253.144.10,True,True,False,10,0.0,0.0,0.0,100.0,0.0,0.0,0.08496031761169434,0.1010927602054568,0.0,0.0,313.0,0.0,1.0,0.0,9.0,0.0,0.0,0.0
