Host,IP,IPv4,TLS,HTTP/2,Messages Send,1xx,2xx,3xx,4xx,5xx,9xx,Avg Response Time,StdD Response Time,Avg Deviation Count,StdD Deviation Count,Avg Request Length,StdD Request Length,Avg URI Length,StdD URI Length,Avg Response Header Keys,StdD Response Header Keys,Avg Response Body Length,StdD Response Body Length
apple.com,17.253.144.10,True,True,False,10,0.0,0.0,0.0,100.0,0.0,0.0,0.031070733070373537,0.01501034752221973,1.0,0.0,336.6,3.6110940170535577,64.6,3.6110940170535577,9.0,0.0,0.0,0.0
www.google.com,142.251.209.132,True,True,False,10,0.0,30.0,40.0,30.0,0.0,0.0,0.10743527412414551,0.0748997931934625,1.0,0.0,342.6,3.6110940170535577,64.6,3.6110940170535577,10.7,4.290687590584987,509.2,469.2879286749234
twitter.com,104.244.42.65,True,True,False,10,0.0,0.0,100.0,0.0,0.0,0.0,0.12358698844909669,0.0040844294726146745,1.0,0.0,340.6,3.6110940170535577,64.6,3.6110940170535577,9.0,0.0,0.0,0.0
instagram.com,157.240.210.174,True,True,False,10,0.0,30.0,70.0,0.0,0.0,0.0,0.11533291339874267,0.1552336423523624,1.0,0.0,344.6,3.6110940170535577,64.6,3.6110940170535577,7.8,0.39999999999999997,0.0,0.0
google.com,142.250.181.206,True,True,False,10,0.0,30.0,40.0,30.0,0.0,0.0,0.0755828857421875,0.04298782326513137,1.0,0.0,338.6,3.6110940170535577,64.6,3.6110940170535577,10.7,4.290687590584987,509.2,469.2879286749234
facebook.com,157.240.210.35,True,True,False,10,0.0,100.0,0.0,0.0,0.0,0.0,0.1819242238998413,0.1545571797604572,1.0,0.0,342.6,3.6110940170535577,64.6,3.6110940170535577,17.8,0.6,5.2,1.7776388834631178
microsoft.com,20.236.44.162,True,True,False,10,0.0,0.0,0.0,100.0,0.0,0.0,0.34835951328277587,0.2076197838218402,1.0,0.0,344.6,3.6110940170535577,64.6,3.6110940170535577,4.0,0.0,0.0,0.0
googleapis.com,142.250.181.196,True,True,False,10,0.0,0.0,0.0,100.0,0.0,0.0,0.1451793909072876,0.06221499611263313,1.0,0.0,346.6,3.6110940170535577,64.6,3.6110940170535577,5.0,0.0,1178.0,0.0
youtube.com,142.251.209.142,True,True,False,10,0.0,30.0,70.0,0.0,0.0,0.0,0.07080490589141845,0.06828379221148699,1.0,0.0,340.6,3.6110940170535577,64.6,3.6110940170535577,17.8,2.749545416973504,136.9,343.95419753217146
