Host,IP,IPv4,TLS,HTTP/2,Messages Send,1xx,2xx,3xx,4xx,5xx,9xx,Avg Response Time,StdD Response Time,Avg Deviation Count,StdD Deviation Count,Avg Request Length,StdD Request Length,Avg URI Length,StdD URI Length,Avg Response Header Keys,StdD Response Header Keys,Avg Response Body Length,StdD Response Body Length
google.com,142.250.181.206,True,True,False,10,0.0,80.0,0.0,0.0,0.0,20.0,0.17282228469848632,0.1673770433123945,0.0,0.0,314.0,0.0,1.0,0.0,12.8,6.4,0.0,0.0
facebook.com,157.240.210.35,True,True,False,10,0.0,100.0,0.0,0.0,0.0,0.0,0.3835327386856079,0.43764582160868837,0.0,0.0,316.0,0.0,1.0,0.0,18.0,0.0,5.2,0.39999999999999997
microsoft.com,20.70.246.20,True,True,False,10,0.0,0.0,0.0,80.0,0.0,20.0,1.5716272592544556,3.652915856936394,0.0,0.0,317.0,0.0,1.0,0.0,3.2,1.6,2324.8,1162.3999999999999
googleapis.com,142.250.181.196,True,True,False,10,0.0,0.0,0.0,90.0,0.0,10.0,0.14407384395599365,0.09350092780597641,0.0,0.0,318.0,0.0,1.0,0.0,4.5,1.5,1060.2,353.4000000000001
youtube.com,142.251.209.142,True,True,False,10,0.0,100.0,0.0,0.0,0.0,0.0,0.12505788803100587,0.06656890486280309,0.0,0.0,315.0,0.0,1.0,0.0,19.1,0.29999999999999993,0.0,0.0
apple.com,17.253.144.10,True,True,False,10,0.0,0.0,0.0,100.0,0.0,0.0,0.09049355983734131,0.07398459564369583,0.0,0.0,313.0,0.0,1.0,0.0,9.0,0.0,0.0,0.0
