Host,IP,IPv4,TLS,HTTP/2,Messages Send,1xx,2xx,3xx,4xx,5xx,9xx,Avg Response Time,StdD Response Time,Avg Deviation Count,StdD Deviation Count,Avg Request Length,StdD Request Length,Avg URI Length,StdD URI Length,Avg Response Header Keys,StdD Response Header Keys,Avg Response Body Length,StdD Response Body Length
www.apple.com,2.16.252.237,True,True,False,10,0.0,30.0,50.0,20.0,0.0,0.0,0.22358736991882325,0.19875345171708272,1.0,0.0,320.2,3.026549190084311,8.2,3.026549190084311,17.3,0.45825756949558405,4604.9,6488.177670964321
www.twitter.com,104.244.42.129,True,True,False,10,0.0,0.0,100.0,0.0,0.0,0.0,0.12344739437103272,0.009036852127539461,1.0,0.0,322.2,3.026549190084311,8.2,3.026549190084311,9.0,0.0,0.0,0.0
www.instagram.com,157.240.210.174,True,True,False,10,0.0,20.0,80.0,0.0,0.0,0.0,0.06732945442199707,0.04733660013304468,1.0,0.0,324.2,3.026549190084311,8.2,3.026549190084311,7.9,0.3,0.0,0.0
www.google.com,142.251.209.132,True,True,False,10,0.0,30.0,50.0,20.0,0.0,0.0,0.06317899227142335,0.04002964365361732,1.0,0.0,321.2,3.026549190084311,8.2,3.026549190084311,11.5,3.9812058474788765,412.7,416.6871848281393
www.facebook.com,157.240.210.35,True,True,False,10,0.0,100.0,0.0,0.0,0.0,0.0,0.13263676166534424,0.0604190887209335,1.0,0.0,323.2,3.026549190084311,8.2,3.026549190084311,17.8,0.6,4.3,2.193171219946131
www.microsoft.com,2.23.181.156,True,True,False,10,0.0,10.0,50.0,40.0,0.0,0.0,0.13235361576080323,0.09761330175129314,1.0,0.0,324.2,3.026549190084311,8.2,3.026549190084311,12.1,4.323193264243458,2943.7,4564.289650098906
www.googleapis.com,172.217.16.74,True,True,False,10,0.0,0.0,0.0,100.0,0.0,0.0,0.1181818962097168,0.010400845493439446,1.0,0.0,325.2,3.026549190084311,8.2,3.026549190084311,5.0,0.0,1178.0,0.0
www.youtube.com,142.251.209.142,True,True,False,10,0.0,20.0,80.0,0.0,0.0,0.0,0.04194021224975586,0.01332874790151014,1.0,0.0,322.2,3.026549190084311,8.2,3.026549190084311,17.2,3.155946767611901,158.8,341.50367494362337
