Host,IP,IPv4,TLS,HTTP/2,Messages Send,1xx,2xx,3xx,4xx,5xx,9xx,Avg Response Time,StdD Response Time,Avg Deviation Count,StdD Deviation Count,Avg Request Length,StdD Request Length,Avg URI Length,StdD URI Length,Avg Response Header Keys,StdD Response Header Keys,Avg Response Body Length,StdD Response Body Length
www.apple.com,2.16.252.237,True,True,False,10,0.0,20.0,60.0,20.0,0.0,0.0,0.15057108402252198,0.2278878626869448,1.0,0.0,320.1,2.3430749027719964,8.1,2.3430749027719964,17.0,0.6324555320336759,3296.5,5902.677566155889
www.twitter.com,104.244.42.129,True,True,False,10,0.0,0.0,100.0,0.0,0.0,0.0,0.20541887283325194,0.1265261132252563,1.0,0.0,322.1,2.3430749027719964,8.1,2.3430749027719964,9.0,0.0,0.0,0.0
www.instagram.com,157.240.210.174,True,True,False,10,0.0,20.0,80.0,0.0,0.0,0.0,0.11213428974151611,0.11348223935186573,1.0,0.0,324.1,2.3430749027719964,8.1,2.3430749027719964,8.0,0.0,0.0,0.0
www.google.com,142.251.209.132,True,True,False,10,0.0,20.0,80.0,0.0,0.0,0.0,0.03605363368988037,0.026282420870765055,1.0,0.0,321.1,2.3430749027719964,8.1,2.3430749027719964,12.9,2.0712315177207983,308.5,166.78983781993435
www.facebook.com,157.240.210.35,True,True,False,10,0.0,100.0,0.0,0.0,0.0,0.0,0.09725987911224365,0.02796791806127552,1.0,0.0,323.1,2.3430749027719964,8.1,2.3430749027719964,17.6,0.8,4.8,2.4
www.microsoft.com,2.23.181.156,True,True,False,10,0.0,20.0,20.0,60.0,0.0,0.0,0.1676247835159302,0.10403138179721397,1.0,0.0,324.1,2.3430749027719964,8.1,2.3430749027719964,18.2,3.1874754901018454,6650.9,7230.449342191673
www.googleapis.com,142.250.181.202,True,True,False,10,0.0,0.0,0.0,100.0,0.0,0.0,0.11789836883544921,0.0058177415872421095,1.0,0.0,325.1,2.3430749027719964,8.1,2.3430749027719964,5.0,0.0,1178.0,0.0
www.youtube.com,172.217.19.78,True,True,False,10,0.0,20.0,80.0,0.0,0.0,0.0,0.03863129615783691,0.022404707263887005,1.0,0.0,322.1,2.3430749027719964,8.1,2.3430749027719964,17.7,2.6851443164195103,251.9,453.69867753829743
